{"TiempoSleep": 0.5, "MaxIteraciones": 50}
{"Iteracion": 0, "PuntosX": [2.9282069206237793, 2.9359629154205322, 2.927384614944458, 2.9435195922851562], "PuntosY": [-0.20475997030735016, -0.1795710027217865, -0.025546889752149582, -1.2963937479071319e-08]}
{"Iteracion": 1, "PuntosX": [2.9284236431121826, 2.9358160495758057, 2.9275341033935547, 2.942840099334717], "PuntosY": [-0.2047751396894455, -0.17956218123435974, -0.025548135861754417, -3.4753611544147134e-08]}
{"Iteracion": 2, "PuntosX": [2.928595781326294, 2.9358882904052734, 2.927685260772705, 2.9428188800811768], "PuntosY": [-0.20478717982769012, -0.17956648766994476, -0.02554936520755291, -3.914465196430683e-08]}
{"Iteracion": 3, "PuntosX": [2.9287216663360596, 2.9357359409332275, 2.9277586936950684, 2.942521572113037], "PuntosY": [-0.20479591190814972, -0.17955704033374786, -0.02555008977651596, 6.564187060575932e-08]}
{"Iteracion": 4, "PuntosX": [2.9289016723632812, 2.935666799545288, 2.9278905391693115, 2.942331075668335], "PuntosY": [-0.20480842888355255, -0.17955289781093597, -0.025551142171025276, -1.4179022400639951e-08]}
{"Iteracion": 5, "PuntosX": [2.928180694580078, 2.9401118755340576, 2.9521055221557617, 2.9276576042175293], "PuntosY": [-0.07667724043130875, -0.051320116966962814, 0.07730375230312347, 0.1022360622882843]}
{"Iteracion": 6, "PuntosX": [2.9698591232299805, 2.9529459476470947, 2.9596784114837646, 2.9541311264038086], "PuntosY": [0.10370965301990509, 0.12892857193946838, 0.28498440980911255, 0.31049177050590515]}
{"Iteracion": 7, "PuntosX": [2.891596555709839, 2.8778631687164307, 2.8848588466644287, 2.8787708282470703], "PuntosY": [0.3550436496734619, 0.3788779377937317, 0.5346768498420715, 0.5595763325691223]}
{"Iteracion": 8, "PuntosX": [2.8927340507507324, 2.8774633407592773, 2.8787498474121094], "PuntosY": [0.8294781446456909, 0.8523436784744263, 1.0194183588027954]}
{"Iteracion": 9, "PuntosX": [2.9104902744293213, 2.903797149658203, 2.9177889823913574, 2.9023940563201904], "PuntosY": [0.8345699310302734, 0.8601439595222473, 1.004675030708313, 1.0277916193008423]}
{"Iteracion": 10, "PuntosX": [2.6793689727783203, 2.6854918003082275, 2.6796281337738037, 2.6848461627960205], "PuntosY": [0.5695177316665649, 0.5953591465950012, 0.7431267499923706, 0.7698673605918884]}
{"Iteracion": 11, "PuntosX": [2.6047003269195557, 2.6090941429138184, 2.6116368770599365, 2.6034584045410156], "PuntosY": [0.3198172152042389, 0.3434939682483673, 0.4840381145477295, 0.5060611963272095]}
{"Iteracion": 12, "PuntosX": [2.629032611846924, 2.639094829559326, 2.635080337524414, 2.629377603530884], "PuntosY": [-4.255525709595531e-08, 0.02303093671798706, 0.16116832196712494, 0.18386386334896088]}
{"Iteracion": 13, "PuntosX": [2.636990547180176, 2.630465269088745, 2.6296117305755615, 2.6370656490325928], "PuntosY": [-0.4649723172187805, -0.44018861651420593, -0.27638334035873413, -0.2539205253124237]}
{"Iteracion": 14, "PuntosX": [2.6627299785614014, 2.6559226512908936, 2.6544859409332275, 2.667945384979248], "PuntosY": [-0.590313196182251, -0.564534068107605, -0.3967154622077942, -0.37495526671409607]}
{"Iteracion": 15, "PuntosX": [2.655820608139038, 2.6730759143829346, 2.6628353595733643, 2.6570663452148438], "PuntosY": [-0.9929704666137695, -0.9729198217391968, -0.8395886421203613, -0.8123466372489929]}
{"Iteracion": 16, "PuntosX": [2.7318155765533447, 2.759770154953003, 2.7334506511688232, 2.7344372272491455], "PuntosY": [-0.9140526056289673, -0.8967037200927734, -0.7580530643463135, -0.7326902151107788]}
{"Iteracion": 17, "PuntosX": [2.856370449066162, 2.8656649589538574, 2.8663859367370605, 2.8571927547454834], "PuntosY": [-0.900610089302063, -0.8761217594146729, -0.7412974834442139, -0.7123780846595764]}
{"Iteracion": 18, "PuntosX": [3.0811891555786133, 3.10408091545105, 3.0811102390289307, 3.0935192108154297], "PuntosY": [-0.7682267427444458, -0.7452235817909241, -0.5989068746566772, -0.5733495354652405]}
{"Iteracion": 19, "PuntosX": [3.2563235759735107, 3.2734882831573486, 3.2558205127716064, 3.2802674770355225], "PuntosY": [-0.7219096422195435, -0.6958016157150269, -0.5448372960090637, -0.5195433497428894]}
{"Iteracion": 20, "PuntosX": [3.40633225440979, 3.419929027557373, 3.4080405235290527], "PuntosY": [-0.6930260062217712, -0.541663646697998, -0.5093349814414978]}
{"Iteracion": 21, "PuntosX": [3.5678906440734863, 3.5593152046203613, 3.5562901496887207, 3.5764987468719482], "PuntosY": [-0.5650985240936279, -0.531943142414093, -0.37378135323524475, -0.3443773686885834]}
{"Iteracion": 22, "PuntosX": [3.7076361179351807, 3.7058517932891846], "PuntosY": [-0.2592628300189972, -0.0970408245921135]}
{"Iteracion": 23, "PuntosX": [3.584433078765869, 3.588772773742676, 3.5804359912872314], "PuntosY": [-0.1564997136592865, -0.12532266974449158, 0.031245995312929153]}
{"Iteracion": 24, "PuntosX": [3.365334987640381, 3.3579447269439697, 3.3635332584381104, 3.358081579208374], "PuntosY": [-0.08812457323074341, -0.05861347168684006, 0.08807733654975891, 0.11726687103509903]}
{"Iteracion": 25, "PuntosX": [3.4619545936584473, 3.4596915245056152, 3.4573922157287598, 3.467101812362671], "PuntosY": [0.09065457433462143, 0.12081503868103027, 0.2721026539802551, 0.30333203077316284]}
{"Iteracion": 26, "PuntosX": [3.5561695098876953, 3.562920331954956, 3.5578956604003906], "PuntosY": [0.7235105633735657, 0.8883357644081116, 0.9201340079307556]}
{"Iteracion": 27, "PuntosX": [3.23060941696167, 3.230407953262329], "PuntosY": [0.282641738653183, 0.4540041983127594]}
{"Iteracion": 28, "PuntosX": [3.2306950092315674, 3.2304937839508057], "PuntosY": [0.28264904022216797, 0.45401620864868164]}
{"Iteracion": 29, "PuntosX": [3.2307233810424805, 3.2305314540863037], "PuntosY": [0.2826518416404724, 0.4540216028690338]}
{"Iteracion": 30, "PuntosX": [3.3434886932373047, 3.332118272781372, 3.230682134628296], "PuntosY": [0.29251736402511597, 0.3208464980125427, 0.45404279232025146]}
{"Iteracion": 31, "PuntosX": [3.3751723766326904, 3.3664400577545166, 3.230806350708008], "PuntosY": [0.32499220967292786, 0.3538275361061096, 0.4540604054927826]}
{"Iteracion": 32, "PuntosX": [3.0872957706451416, 3.0808634757995605, 3.2309257984161377], "PuntosY": [0.3517528772354126, 0.37828272581100464, 0.45407697558403015]}
{"Iteracion": 33, "PuntosX": [3.231074094772339, 3.121689796447754, 3.123398780822754], "PuntosY": [0.4540979862213135, 0.578571081161499, 0.6071272492408752]}
{"Iteracion": 34, "PuntosX": [3.2313144207000732, 3.276923894882202, 3.261072874069214], "PuntosY": [0.45413169264793396, 0.6073418259620667, 0.633888304233551]}
{"Iteracion": 35, "PuntosX": [3.231499433517456, 3.3660902976989746], "PuntosY": [0.4541575014591217, 0.5632901191711426]}
{"Iteracion": 36, "PuntosX": [3.231543779373169, 3.0913658142089844, 3.0924880504608154], "PuntosY": [0.4541638195514679, 0.5450908541679382, 0.5731586217880249]}
{"Iteracion": 37, "PuntosX": [3.3442888259887695, 3.231788158416748], "PuntosY": [0.3220183551311493, 0.4541982412338257]}
{"Iteracion": 38, "PuntosX": [3.3470025062561035, 3.3326961994171143, 3.23180890083313], "PuntosY": [0.2928248941898346, 0.32090210914611816, 0.4542011022567749]}
{"Iteracion": 39, "PuntosX": [3.3473477363586426, 3.332693099975586, 3.231869697570801], "PuntosY": [0.2928548753261566, 0.3209016025066376, 0.45420965552330017]}
{"Iteracion": 40, "PuntosX": [3.3620736598968506, 3.364748239517212, 3.259448766708374, 3.2673497200012207], "PuntosY": [-0.14679138362407684, -0.11749952286481857, 1.9461549527477473e-07, 0.02851373516023159]}
{"Iteracion": 41, "PuntosX": [3.086360216140747, 3.090024709701538, 2.987510919570923, 2.9864964485168457], "PuntosY": [-0.27002134919166565, -0.24319028854370117, -0.1304377317428589, -0.10429079830646515]}
{"Iteracion": 42, "PuntosX": [2.9856889247894287, 2.9925382137298584, 2.8862366676330566, 2.8883557319641113], "PuntosY": [-0.3665965795516968, -0.3409566581249237, -0.22715190052986145, -0.20197337865829468]}
{"Iteracion": 43,