{"TiempoSleep": 0.5, "MaxIteraciones": 50}
{"Iteracion": 0, "PuntosX": [2.0643789768218994, 2.0633797645568848, 2.0811820030212402, 2.0760128498077393, 2.061795473098755, 2.0656228065490723], "PuntosY": [-0.25347402691841125, -0.23509234189987183, -0.21874107420444489, -0.09064068645238876, -0.0719994604587555, -0.0540902204811573]}
{"Iteracion": 1, "PuntosX": [2.0646140575408936, 2.0635015964508057, 2.0810272693634033, 2.0764060020446777, 2.061957359313965, 2.065690517425537], "PuntosY": [-0.253502756357193, -0.23510631918907166, -0.21872484683990479, -0.09065781533718109, -0.07200512290000916, -0.0540919192135334]}
{"Iteracion": 2, "PuntosX": [2.0647082328796387, 2.0636253356933594, 2.081228256225586, 2.0764381885528564, 2.0620710849761963, 2.0658345222473145], "PuntosY": [-0.2535143792629242, -0.23512040078639984, -0.21874578297138214, -0.09065940231084824, -0.07200917601585388, -0.05409577116370201]}
{"Iteracion": 3, "PuntosX": [2.064692974090576, 2.063746213912964, 2.081688642501831, 2.076192617416382, 2.0621440410614014, 2.0660557746887207], "PuntosY": [-0.253512442111969, -0.23513413965702057, -0.21879436075687408, -0.09064852446317673, -0.07201151549816132, -0.05410156771540642]}
{"Iteracion": 4, "PuntosX": [2.0647575855255127, 2.0638046264648438, 2.0817346572875977, 2.0762572288513184, 2.0622050762176514, 2.066114902496338], "PuntosY": [-0.25352028012275696, -0.23514075577259064, -0.2187991440296173, -0.09065135568380356, -0.07201369851827621, -0.054103054106235504]}
{"Iteracion": 5, "PuntosX": [2.0648152828216553, 2.0638554096221924, 2.0817689895629883, 2.0763206481933594, 2.062257766723633, 2.066164970397949], "PuntosY": [-0.25352755188941956, -0.23514661192893982, -0.218802809715271, -0.09065423905849457, -0.07201573997735977, -0.05410454422235489]}
{"Iteracion": 6, "PuntosX": [2.0649356842041016, 2.0639588832855225, 2.0818326473236084, 2.0764522552490234, 2.0623676776885986, 2.066265106201172], "PuntosY": [-0.25354233384132385, -0.23515845835208893, -0.2188096046447754, -0.09066005051136017, -0.07201941311359406, -0.054107069969177246]}
{"Iteracion": 7, "PuntosX": [2.1723618507385254, 2.1620616912841797, 2.1693320274353027, 2.1796839237213135, 2.1622111797332764, 2.1651620864868164], "PuntosY": [-0.03791886195540428, -0.018868066370487213, -3.3458491088822484e-08, 0.13331501185894012, 0.15119637548923492, 0.1704019010066986]}
{"Iteracion": 8, "PuntosX": [2.172623634338379, 2.1621968746185303, 2.169328451156616, 2.1800785064697266, 2.162355422973633, 2.1652209758758545], "PuntosY": [-0.037923283874988556, -0.018869144842028618, -6.59347278997302e-08, 0.13333925604820251, 0.15120649337768555, 0.17040666937828064]}
{"Iteracion": 9, "PuntosX": [2.2656867504119873, 2.2616353034973145, 2.277773380279541, 2.261420249938965, 2.2658097743988037], "PuntosY": [0.3184213936328888, 0.33800357580184937, 0.48415589332580566, 0.5013449192047119, 0.5231032967567444]}
{"Iteracion": 10, "PuntosX": [2.4195451736450195, 2.4106051921844482, 2.4156084060668945, 2.41062331199646], "PuntosY": [0.5142905116081238, 0.5344184041023254, 0.692664623260498, 0.7140593528747559]}
{"Iteracion": 11, "PuntosX": [2.4197163581848145, 2.410743236541748, 2.415759325027466, 2.4107511043548584], "PuntosY": [0.5143266320228577, 0.5344489812850952, 0.6927078366279602, 0.7140970826148987]}
{"Iteracion": 12, "PuntosX": [2.6377525329589844, 2.643207311630249, 2.6428234577178955, 2.6366820335388184], "PuntosY": [0.27723899483680725, 0.3011555075645447, 0.4422569274902344, 0.46491819620132446]}
{"Iteracion": 13, "PuntosX": [2.563281297683716, 2.571057081222534, 2.575191020965576, 2.56227970123291, 2.5792205333709717], "PuntosY": [-0.04474242031574249, -0.022437212988734245, 0.11243540793657303, 0.13428343832492828, 0.15775170922279358]}
{"Iteracion": 14, "PuntosX": [2.5391428470611572, 2.546478509902954, 2.554682970046997, 2.5382022857666016, 2.5501465797424316], "PuntosY": [-0.2444915771484375, -0.2227880209684372, -0.08921153098344803, -0.06646530330181122, -0.04451330378651619]}
{"Iteracion": 15, "PuntosX": [2.4183716773986816, 2.4177165031433105, 2.4167428016662598, 2.41754412651062], "PuntosY": [-0.6029680371284485, -0.5804422497749329, -0.42613667249679565, -0.4045580327510834]}
{"Iteracion": 16, "PuntosX": [2.4159460067749023, 2.426327705383301, 2.4236693382263184, 2.415895700454712, 2.4330410957336426], "PuntosY": [-0.7156358957290649, -0.6957381963729858, -0.5595481395721436, -0.5355912446975708, -0.517159104347229]}
{"Iteracion": 17, "PuntosX": [2.3674724102020264, 2.3837890625, 2.3672523498535156, 2.3703839778900146], "PuntosY": [-0.8851615190505981, -0.867628276348114, -0.7237414121627808, -0.7021397948265076]}
{"Iteracion": 18, "PuntosX": [2.1665823459625244, 2.1716041564941406, 2.170286178588867, 2.166560173034668, 2.1811635494232178], "PuntosY": [-0.746013879776001, -0.7266085743904114, -0.581526517868042, -0.5603104829788208, -0.5438251495361328]}
{"Iteracion": 19, "PuntosX": [1.9955693483352661, 1.9921698570251465, 2.0043509006500244, 1.9980051517486572, 1.9907835721969604, 1.999474048614502], "PuntosY": [-0.7066680192947388, -0.685958981513977, -0.6706464886665344, -0.5353639125823975, -0.514851450920105, -0.4985247850418091]}
{"Iteracion": 20, "PuntosX": [1.9267804622650146, 1.9162719249725342, 1.923749327659607, 1.917643427848816, 1.9168282747268677, 1.9297512769699097], "PuntosY": [-0.6634438037872314, -0.6411758661270142, -0.6250640749931335, -0.478122353553772, -0.4601898491382599, -0.4455181360244751]}
{"Iteracion": 21, "PuntosX": [1.9157201051712036, 1.9186280965805054, 1.9162168502807617, 1.9161678552627563, 1.9324537515640259], "PuntosY": [-0.37237825989723206, -0.3555966317653656, -0.2014026790857315, -0.1845059096813202, -0.1690678894519806]}
{"Iteracion": 22, "PuntosX": [1.8765497207641602, 1.8653125762939453, 1.8691723346710205, 1.8679484128952026, 1.864816665649414, 1.8743435144424438], "PuntosY": [-0.3140265941619873, -0.29543638229370117, -0.27934950590133667, -0.1306195855140686, -0.11405695229768753, -0.09823013097047806]}
{"Iteracion": 23, "PuntosX": [1.8769172430038452, 1.8654234409332275, 1.8692272901535034, 1.8680906295776367, 1.8649024963378906, 1.874341607093811], "PuntosY": [-0.3140881359577179, -0.2954540252685547, -0.27935779094696045, -0.13062939047813416, -0.11406221240758896, -0.09822992980480194]}
{"Iteracion": 24, "PuntosX": [1.898047924041748, 1.896666407585144, 1.908823013305664, 1.868159532546997, 1.8650156259536743, 1.8744205236434937], "PuntosY": [-0.3006211817264557, -0.28345850110054016, -0.2682676613330841, -0.13063426315784454, -0.11406920850276947, -0.09823422133922577]}
{"Iteracion": 25, "PuntosX": [1.9260482788085938, 1.9278825521469116, 1.868342638015747, 1.865159511566162, 1.8743804693222046], "PuntosY": [-0.2878497540950775, -0.27094605565071106, -0.13064700365066528, -0.11407796293497086, -0.09823198616504669]}
{"Iteracion": 26, "PuntosX": [1.9797998666763306, 1.9794062376022339, 1.9958593845367432, 1.8686054944992065, 1.8652664422988892, 1.8743256330490112], "PuntosY": [-0.2606455385684967, -0.24304074048995972, -0.22739937901496887, -0.13066555559635162, -0.11408442258834839, -0.09822935611009598]}
{"Iteracion": 27, "PuntosX": [1.7553976774215698, 1.7538464069366455, 1.7631877660751343, 1.868869423866272, 1.8653972148895264, 1.8743207454681396], "PuntosY": [-0.26234591007232666, -0.24648696184158325, -0.23212817311286926, -0.1306839883327484, -0.11409265547990799, -0.09822888672351837]}
{"Iteracion": 28, "PuntosX": [1.869075894355774, 1.6987628936767578, 1.692812204360962, 1.6969586610794067], "PuntosY": [-0.1306983381509781, -0.10390074551105499, -0.0887165442109108, -0.07409090548753738]}
{"Iteracion": 29, "PuntosX": [1.8692570924758911, 1.8656463623046875, 1.8746494054794312, 1.8164912462234497, 1.7927557229995728, 1.7916642427444458, 1.8044508695602417],