{"TiempoSleep": 0.5, "MaxIteraciones": 50}
{"Iteracion": 0, "PuntosX": [3.2536518573760986, 3.2329962253570557, 3.2380530834198, 3.265646457672119, 3.236398458480835, 3.216917037963867, 3.222468614578247, 3.255216360092163], "PuntosY": [-0.17051665484905243, -0.1411558836698532, -0.1130753830075264, -0.08551391214132309, -1.0209623724222183e-07, 0.028073584660887718, 0.05624831095337868, 0.08524069935083389]}
{"Iteracion": 1, "PuntosX": [3.2537953853607178, 3.2331387996673584, 3.2380828857421875, 3.265479803085327, 3.236539840698242, 3.2170557975769043, 3.2224862575531006, 3.2550055980682373], "PuntosY": [-0.17052431404590607, -0.1411619931459427, -0.11307636648416519, -0.08550958335399628, 2.3632310330867767e-08, 0.028074732050299644, 0.05624864995479584, 0.08523530513048172]}
{"Iteracion": 2, "PuntosX": [3.2539474964141846, 3.2332887649536133, 3.2381246089935303, 3.2653868198394775, 3.2366676330566406, 3.217182159423828, 3.222536563873291, 3.254910707473755], "PuntosY": [-0.17053216695785522, -0.1411685347557068, -0.11307788640260696, -0.08550700545310974, 1.4522811397910118e-08, 0.028075920417904854, 0.05624980852007866, 0.08523300290107727]}
{"Iteracion": 3, "PuntosX": [3.2538645267486572, 3.233208417892456, 3.238267421722412, 3.2658591270446777, 3.2366089820861816, 3.2171263694763184, 3.222682476043701, 3.255449056625366], "PuntosY": [-0.17052777111530304, -0.14116506278514862, -0.11308293789625168, -0.08551955968141556, 7.814378477633e-08, 0.028075313195586205, 0.05625203996896744, 0.08524678647518158]}
{"Iteracion": 4, "PuntosX": [3.254005193710327, 3.233346462249756, 3.2383155822753906, 3.2657482624053955, 3.236746072769165, 3.2172605991363525, 3.222719430923462, 3.255303382873535], "PuntosY": [-0.17053525149822235, -0.1411711424589157, -0.1130845844745636, -0.08551657199859619, -4.496541805565357e-08, 0.028076356276869774, 0.05625264719128609, 0.0852431207895279]}
{"Iteracion": 5, "PuntosX": [3.2541868686676025, 3.2335259914398193, 3.238436698913574, 3.265825033187866, 3.2368998527526855, 3.217414140701294, 3.222860097885132, 3.255417585372925], "PuntosY": [-0.1705448478460312, -0.1411791294813156, -0.11308896541595459, -0.08551875501871109, -6.498885340988636e-08, 0.028077678754925728, 0.05625518411397934, 0.08524610847234726]}
{"Iteracion": 6, "PuntosX": [3.25417423248291, 3.233515977859497, 3.2385878562927246, 3.266238212585449, 3.2368972301483154, 3.2174127101898193, 3.223024606704712, 3.255902051925659], "PuntosY": [-0.17054423689842224, -0.1411786526441574, -0.11309412866830826, -0.08552955836057663, -7.019843906164169e-08, 0.028077946975827217, 0.056257862597703934, 0.08525869250297546]}
{"Iteracion": 7, "PuntosX": [3.2541749477386475, 3.2335174083709717, 3.238678216934204, 3.266453504562378, 3.236908197402954, 3.217424154281616, 3.223113775253296, 3.2561447620391846], "PuntosY": [-0.17054443061351776, -0.1411786675453186, -0.11309715360403061, -0.08553526550531387, 1.359148882329464e-08, 0.02807803452014923, 0.05625969544053078, 0.08526512235403061]}
{"Iteracion": 8, "PuntosX": [3.2542757987976074, 3.233616352081299, 3.2387032508850098, 3.266367197036743, 3.23699951171875, 3.217515230178833, 3.223137378692627, 3.256042718887329], "PuntosY": [-0.17054936289787292, -0.14118264615535736, -0.11309804022312164, -0.08553281426429749, 1.9790604710578918e-07, 0.028078822419047356, 0.05626019090414047, 0.08526267111301422]}
{"Iteracion": 9, "PuntosX": [3.1499218940734863, 3.1299335956573486, 3.1407337188720703, 3.1743690967559814, 3.136528968811035, 3.1176486015319824, 3.122864246368408, 3.1515917778015137], "PuntosY": [-0.16508036851882935, -0.13665597140789032, -0.10967697203159332, -0.08312387764453888, -9.93022695183754e-08, 0.027207186445593834, 0.05450988933444023, 0.08252737671136856]}
{"Iteracion": 10, "PuntosX": [2.9934310913085938, 2.982487440109253, 2.993744373321533, 3.036259412765503, 2.9858384132385254, 2.9678633213043213, 2.9724326133728027, 2.9948201179504395], "PuntosY": [-0.15687903761863708, -0.13021831214427948, -0.10454404354095459, -0.07950747758150101, -1.996522769331932e-08, 0.025900032371282578, 0.0518840029835701, 0.0784221664071083]}
{"Iteracion": 11, "PuntosX": [2.995147228240967, 2.982227087020874, 2.9934444427490234, 3.0321695804595947, 2.987334728240967, 2.9692330360412598, 2.9721920490264893, 2.9910500049591064], "PuntosY": [-0.1831909418106079, -0.15629185736179352, -0.13069675862789154, -0.10588553547859192, -0.026069706305861473, 2.0812149159610271e-07, 0.025937950238585472, 0.05220911651849747]}
{"Iteracion": 12, "PuntosX": [3.204857349395752, 3.1424970626831055, 3.1279244422912598, 3.1403796672821045, 3.1295948028564453, 3.1118743419647217, 3.1224007606506348], "PuntosY": [0.16795942187309265, 0.1922031193971634, 0.21872566640377045, 0.24715322256088257, 0.3565720319747925, 0.3820902705192566, 0.4110720753669739]}
{"Iteracion": 13, "PuntosX": [3.1616756916046143, 3.134258270263672, 3.1284449100494385, 3.1451449394226074, 3.1474549770355225, 3.1195437908172607, 3.111567258834839, 3.1274452209472656], "PuntosY": [0.5007600784301758, 0.5244948863983154, 0.5516292452812195, 0.5829178690910339, 0.6690123081207275, 0.6915862560272217, 0.7183618545532227, 0.7508332133293152]}
{"Iteracion": 14, "PuntosX": [3.1927409172058105, 3.1600735187530518, 3.150588035583496, 3.1646687984466553, 3.1693429946899414, 3.1429824829101562, 3.13564133644104, 3.170983076095581], "PuntosY": [0.6495705246925354, 0.6716944575309753, 0.698468804359436, 0.7306212782859802, 0.8196476697921753, 0.842159628868103, 0.8695904612541199, 0.9092649817466736]}
{"Iteracion": 15, "PuntosX": [3.194467067718506, 3.1768295764923096, 3.179425001144409, 3.2180707454681396, 3.1738691329956055, 3.1565651893615723, 3.168179988861084], "PuntosY": [0.8559547662734985, 0.881012499332428, 0.9116854667663574, 1.0146539211273193, 1.0312526226043701, 1.0561721324920654, 1.0908915996551514]}
{"Iteracion": 16, "PuntosX": [3.1945762634277344, 3.176935911178589, 3.179560899734497, 3.218141555786133, 3.173976421356201, 3.156672477722168, 3.168311834335327], "PuntosY": [0.8559843897819519, 0.8810425996780396, 0.9117245674133301, 1.0146762132644653, 1.031287670135498, 1.0562081336975098, 1.0909372568130493]}
{"Iteracion": 17, "PuntosX": [3.322065591812134, 3.3035778999328613, 3.306081771850586, 3.3472378253936768, 3.299546003341675, 3.281531810760498, 3.2960219383239746], "PuntosY": [0.7061270475387573, 0.7323856949806213, 0.7632688879966736, 0.8656542897224426, 0.8841107487678528, 0.9100490808486938, 0.9451192021369934]}
{"Iteracion": 18, "PuntosX": [3.4538040161132812, 3.4323043823242188, 3.4412760734558105, 3.483712673187256, 3.4296770095825195, 3.4167771339416504, 3.4303460121154785], "PuntosY": [-0.09044083207845688, -0.05991099774837494, -0.03003142774105072, 2.867600414901972e-07, 0.089809350669384, 0.11931672692298889, 0.14977261424064636]}
{"Iteracion": 19, "PuntosX": [3.4237043857574463, 3.410940647125244, 3.4236278533935547, 3.446755886077881, 3.3989830017089844, 3.399815320968628, 3.4261462688446045], "PuntosY": [-0.3296648859977722, -0.2984185516834259, -0.2694450914859772, -0.18063685297966003, -0.14840282499790192, -0.1187240332365036, -0.08971663564443588]}
{"Iteracion": 20, "PuntosX": [3.427131175994873, 3.416494846343994, 3.4290027618408203, 3.478364944458008, 3.419826030731201, 3.3959083557128906, 3.4080982208251953, 3.4438958168029785], "PuntosY": [-0.7284594178199768, -0.6950937509536743, -0.6665306091308594, -0.6446768045425415, -0.5722824931144714, -0.5378590822219849, -0.5093434453010559, -0.48400813341140747]}
{"Iteracion": 21, "PuntosX": [3.429765224456787, 3.417714834213257, 3.430232286453247, 3.47692608833313, 3.4203085899353027, 3.397848606109619, 3.410487651824951, 3.4477686882019043], "PuntosY": [-0.8551365733146667, -0.8205209970474243, -0.7919317483901978, -0.770815908908844, -0.6958696842193604, -0.6604750752449036, -0.6320963501930237, -0.6079345941543579]}
{"Iteracion": 22,