{"TiempoSleep": 0.5, "MaxIteraciones": 50}
{"Iteracion": 0, "PuntosX": [2.8432071208953857, 2.8176767826080322, 2.80971097946167, 2.826169729232788, 2.8456509113311768, 2.8311986923217773, 2.8270392417907715, 2.8445725440979004], "PuntosY": [-0.12413717806339264, -0.09839537739753723, -0.0735747292637825, -0.0493309386074543, 0.04967128112912178, 0.07413771748542786, 0.09872258454561234, 0.1241970956325531]}
{"Iteracion": 1, "PuntosX": [2.8432116508483887, 2.8177480697631836, 2.8098158836364746, 2.8262760639190674, 2.845656633377075, 2.831271171569824, 2.8271524906158447, 2.844686269760132], "PuntosY": [-0.12413739413022995, -0.0983978733420372, -0.07357766479253769, -0.04933282732963562, 0.04967118427157402, 0.07413960248231888, 0.09872650355100632, 0.12420186400413513]}
{"Iteracion": 2, "PuntosX": [2.84350323677063, 2.8179166316986084, 2.8099288940429688, 2.826387882232666, 2.845913887023926, 2.831437587738037, 2.8272578716278076, 2.844792127609253], "PuntosY": [-0.12415006756782532, -0.09840389341115952, -0.07358040660619736, -0.0493350550532341, 0.049675632268190384, 0.0741439163684845, 0.09873021394014359, 0.12420643866062164]}
{"Iteracion": 3, "PuntosX": [2.9003942012786865, 2.868938446044922, 2.859015941619873, 2.875760793685913, 2.8944239616394043, 2.881028652191162, 2.8784544467926025, 2.896303176879883], "PuntosY": [-0.1266341507434845, -0.10018575191497803, -0.07486601173877716, -0.05019690468907356, 0.0505223385989666, 0.07544245570898056, 0.10051799565553665, 0.1264553666114807]}
{"Iteracion": 4, "PuntosX": [2.9823853969573975, 2.945034980773926, 2.9332199096679688, 2.950343132019043, 2.9664523601531982, 2.954984664916992, 2.955839157104492, 2.9784836769104004], "PuntosY": [-0.10414710640907288, -0.07711844891309738, -0.05119972676038742, -0.025747258216142654, 0.07767941802740097, 0.10319048166275024, 0.12905482947826385, 0.1560957133769989]}
{"Iteracion": 5, "PuntosX": [3.3718862533569336, 3.323141098022461, 3.310295581817627, 3.324803352355957, 3.364398717880249, 3.3340821266174316, 3.3253626823425293, 3.3483033180236816], "PuntosY": [0.26537343859672546, 0.290737122297287, 0.31874513626098633, 0.3494512140750885, 0.44293177127838135, 0.46857473254203796, 0.49697861075401306, 0.5303189754486084]}
{"Iteracion": 6, "PuntosX": [3.3836209774017334, 3.345440626144409, 3.3332786560058594, 3.3549275398254395, 3.374663829803467, 3.355719804763794, 3.356839418411255], "PuntosY": [0.2960285544395447, 0.3221292197704315, 0.35034191608428955, 0.3822457492351532, 0.474278062582016, 0.5015156269073486, 0.5316711068153381]}
{"Iteracion": 7, "PuntosX": [2.954054594039917, 2.9221482276916504, 2.9110231399536133, 2.9226486682891846, 2.9741735458374023, 2.9390296936035156, 2.927999973297119, 2.935305118560791], "PuntosY": [0.5475015640258789, 0.5680081248283386, 0.5922541618347168, 0.6212283968925476, 0.7140355706214905, 0.7327824831008911, 0.7572321891784668, 0.786512553691864]}
{"Iteracion": 8, "PuntosX": [3.0017881393432617, 2.971788167953491, 2.9604573249816895, 2.9750373363494873, 3.0093719959259033, 2.9851205348968506, 2.973820686340332, 2.9960739612579346], "PuntosY": [0.7484298348426819, 0.7685564756393433, 0.7932523488998413, 0.8250507712364197, 0.9200570583343506, 0.941204845905304, 0.9662531018257141, 1.0024722814559937]}
{"Iteracion": 9, "PuntosX": [3.0045998096466064, 2.9729034900665283, 2.9614620208740234, 2.9742279052734375, 3.0415844917297363, 3.002868890762329, 2.983255386352539, 2.974797010421753], "PuntosY": [0.9473466873168945, 0.9659546613693237, 0.9908914566040039, 1.0241087675094604, 1.1070462465286255, 1.1227269172668457, 1.1451647281646729, 1.1718038320541382]}
{"Iteracion": 10, "PuntosX": [2.956829309463501, 2.9417290687561035, 2.938689708709717, 2.9574596881866455, 2.991997003555298, 2.9615931510925293, 2.9504246711730957, 2.965515375137329], "PuntosY": [0.206761434674263, 0.23151911795139313, 0.25710201263427734, 0.2847708463668823, 0.36737126111984253, 0.389901340007782, 0.4146554172039032, 0.4431993067264557]}
{"Iteracion": 11, "PuntosX": [2.9761135578155518, 2.9635868072509766, 2.9702067375183105, 2.997743844985962, 3.017181396484375, 2.9849841594696045, 2.9762685298919678, 2.9939210414886475], "PuntosY": [-0.2865668833255768, -0.2592802047729492, -0.2337602823972702, -0.2096225619316101, -0.13173267245292664, -0.10423773527145386, -0.07793618738651276, -0.052259158343076706]}
{"Iteracion": 12, "PuntosX": [3.029494047164917, 2.993619918823242, 2.989673614501953, 3.0063230991363525, 3.014082908630371, 3.001750946044922, 3.0141313076019287, 3.0624122619628906], "PuntosY": [-0.42576754093170166, -0.3941178023815155, -0.3670860826969147, -0.3425271809101105, -0.2372134029865265, -0.2099025696516037, -0.18435199558734894, -0.1604943424463272]}
{"Iteracion": 13, "PuntosX": [3.0005760192871094, 2.9858667850494385, 3.0011680126190186, 3.034844160079956, 3.0181500911712646, 3.0043725967407227, 3.0123965740203857, 3.038057327270508], "PuntosY": [-0.8321332335472107, -0.8000608086585999, -0.7761547565460205, -0.7566719651222229, -0.6691077947616577, -0.638599157333374, -0.6128789782524109, -0.590538501739502]}
{"Iteracion": 14, "PuntosX": [2.847923755645752, 2.8387579917907715, 2.8540053367614746, 2.889021396636963, 2.868396282196045, 2.854705333709717, 2.8622207641601562, 2.8817145824432373], "PuntosY": [-0.9253467321395874, -0.8950569033622742, -0.8725571036338806, -0.8557673096656799, -0.7685845494270325, -0.7382767796516418, -0.7136318683624268, -0.691838264465332]}
{"Iteracion": 15, "PuntosX": [2.72674560546875, 2.712939739227295, 2.723419427871704, 2.742342472076416, 2.7383689880371094, 2.7264654636383057, 2.7413291931152344, 2.770756721496582], "PuntosY": [-0.8336496949195862, -0.8036094307899475, -0.780927836894989, -0.7605191469192505, -0.6574243903160095, -0.6294540166854858, -0.607738196849823, -0.5889425277709961]}
{"Iteracion": 16, "PuntosX": [2.644927501678467, 2.61966609954834, 2.612884759902954, 2.6274302005767822, 2.666956901550293, 2.6793389320373535, 2.638582944869995, 2.627838611602783, 2.637115716934204, 2.6606578826904297], "PuntosY": [-0.37172016501426697, -0.34488558769226074, -0.32082200050354004, -0.2993577718734741, -0.2803083658218384, -0.21086856722831726, -0.1845075488090515, -0.16072538495063782, -0.13820548355579376, -0.11616691946983337]}
{"Iteracion": 17, "PuntosX": [2.645090103149414, 2.6197304725646973, 2.6129188537597656, 2.6274635791778564, 2.6669325828552246, 2.6794612407684326, 2.6386420726776123, 2.627897262573242, 2.637152671813965, 2.660632610321045], "PuntosY": [-0.3717431426048279, -0.3448941707611084, -0.32082629203796387, -0.2993616461753845, -0.280305951833725, -0.21087826788425446, -0.18451158702373505, -0.1607290655374527, -0.13820722699165344, -0.11616581678390503]}
{"Iteracion": 18, "PuntosX": [2.645368814468384, 2.619825601577759, 2.612954616546631, 2.62749981880188, 2.6668310165405273, 2.679687261581421, 2.6387338638305664, 2.627988815307617, 2.6371850967407227, 2.660492181777954], "PuntosY": [-0.3717822730541229, -0.3449067771434784, -0.3208306133747101, -0.2993657886981964, -0.28029516339302063, -0.21089595556259155, -0.18451818823814392, -0.16073447465896606, -0.13820891082286835, -0.1161595806479454]}
{"Iteracion": 19, "PuntosX": [2.6987171173095703, 2.6891250610351562, 2.6983442306518555, 2.7079505920410156, 2.5699119567871094, 2.561211585998535, 2.566690444946289, 2.5760657787323, 2.5956881046295166], "PuntosY": [-0.3313610255718231, -0.3063869774341583, -0.28360748291015625, -0.26074597239494324, -0.22483795881271362, -0.20157164335250854, -0.17948026955127716, -0.15755878388881683, -0.136034294962883]}
{"Iteracion": 20, "PuntosX": [2.728625774383545, 2.568108081817627, 2.550031900405884, 2.5493056774139404, 2.548582077026367, 2.5595195293426514, 2.5730295181274414], "PuntosY": [-0.3108873963356018, -0.26991888880729675, -0.24554002285003662, -0.2230350822210312, -0.2005777657032013, -0.1789787858724594, -0.15737296640872955]}
{"Iteracion": 21,